prod_id,prod_name,brand,category
242151,Product 242151,Y,Make up
245067,Product 245067,D,Women
279311,Product 279311,C,Women
75231178,Product 75231178,C,Make up
218423,Product 218423,S,Women
228227,Product 228227,L,Women
392633748,Product 392633748,M,Make up
269152,Product 269152,S,Women
219158,Product 219158,C,Make up
255018378,Product 255018378,E,Women
266720,Product 266720,Y,Make up
448103,Product 448103,L,Make up
452037,Product 452037,Y,Make up
95535874,Product 95535874,A,Men
239285,Product 239285,E,Women
480447,Product 480447,C,Women
220482187,Product 220482187,G,Make up
244824295,Product 244824295,A,Accessoires
194030402,Product 194030402,P,Women
152396480,Product 152396480,C,Women
218085,Product 218085,B,Women
224347,Product 224347,M,Make up
433095,Product 433095,H,Men
243663,Product 243663,A,Accessoires
249990,Product 249990,M,Make up
335061025,Product 335061025,Y,Make up
134370261,Product 134370261,M,Make up
240076670,Product 240076670,Y,Men
171339035,Product 171339035,K,Women
243661,Product 243661,P,Women
226594823,Product 226594823,C,Women
219125143,Product 219125143,F,Women
511853,Product 511853,H,Women
418880,Product 418880,A,Women
135686345,Product 135686345,G,Make up
286328,Product 286328,Y,Make up
218351,Product 218351,M,Make up
261228,Product 261228,C,Men
219803605,Product 219803605,A,Men
261086,Product 261086,A,Accessoires
262471,Product 262471,C,Women
274121,Product 274121,L,Make up
270467,Product 270467,C,Make up
40260396,Product 40260396,E,Make up
244824304,Product 244824304,A,Accessoires
359226671,Product 359226671,G,Make up
232811,Product 232811,C,Women
260059,Product 260059,C,Women
248804,Product 248804,C,Make up
489787,Product 489787,C,Women
276684489,Product 276684489,E,Women
363459995,Product 363459995,C,Sun
240456,Product 240456,C,Women
248468,Product 248468,G,Women
264638,Product 264638,L,Women
244824309,Product 244824309,A,Accessoires
271275,Product 271275,B,Women
371256,Product 371256,E,Make up
505754,Product 505754,E,Women
505297,Product 505297,E,Women
48647789,Product 48647789,M,Women
513009,Product 513009,E,Make up
275990900,Product 275990900,A,Women
271139196,Product 271139196,A,Accessoires
369286156,Product 369286156,A,Women
346657671,Product 346657671,B,Women
375424536,Product 375424536,B,Women
337616223,Product 337616223,B,Men
250993,Product 250993,L,Make up
217090528,Product 217090528,A,Women
225235736,Product 225235736,A,Men
194030403,Product 194030403,P,Women
399179,Product 399179,Y,Make up
254627,Product 254627,H,Make up
248087,Product 248087,L,Sun
267168,Product 267168,L,Women
463616,Product 463616,G,Women
239034,Product 239034,G,Sun
228437,Product 228437,E,Make up
231814,Product 231814,M,Women
244385,Product 244385,H,Men
250723,Product 250723,C,Women
271546,Product 271546,L,Women
252742,Product 252742,M,Women
257746,Product 257746,J,Men
289365,Product 289365,I,Men
265905,Product 265905,D,Women
275738,Product 275738,C,Women
135686322,Product 135686322,G,Make up
231603,Product 231603,C,Women
211857,Product 211857,B,Women
226459,Product 226459,D,Women
221476,Product 221476,C,Women
212906,Product 212906,S,Make up
368019355,Product 368019355,S,Women
248154,Product 248154,D,Women
225235728,Product 225235728,A,Women
219803611,Product 219803611,M,Women
273788,Product 273788,C,Make up
155835774,Product 155835774,J,Women
262539532,Product 262539532,C,Make up
365543538,Product 365543538,J,Men
221160949,Product 221160949,Y,Make up
364872371,Product 364872371,M,Women
166838330,Product 166838330,M,Make up
232849,Product 232849,M,Women
253748,Product 253748,E,Women
17446278,Product 17446278,U,Make up
114150045,Product 114150045,U,Make up
171339009,Product 171339009,K,Women
403716082,Product 403716082,L,Make up
241485,Product 241485,D,Women
220482197,Product 220482197,S,Make up
221160981,Product 221160981,Y,Women
138262084,Product 138262084,A,Women
229416,Product 229416,L,Women
245169,Product 245169,C,Women
245101,Product 245101,D,Women
289277,Product 289277,B,Women
129212173,Product 129212173,E,Women
247582,Product 247582,L,Make up
285031694,Product 285031694,M,Make up
442358,Product 442358,E,Accessoires
179799393,Product 179799393,L,Women
116954591,Product 116954591,D,Make up
237062,Product 237062,V,Men
269119,Product 269119,L,Women
267379,Product 267379,C,Make up
282458,Product 282458,I,Women
448077,Product 448077,L,Make up
108345064,Product 108345064,E,Make up
266444,Product 266444,L,Make up
194030396,Product 194030396,Z,Men
207344,Product 207344,G,Make up
228499,Product 228499,C,Women
214869,Product 214869,L,Make up
54797121,Product 54797121,M,Women
243496374,Product 243496374,K,Men
235265,Product 235265,S,Women
179133136,Product 179133136,S,Make up
259478,Product 259478,S,Make up
256528,Product 256528,B,Men
411162,Product 411162,K,Women
459301,Product 459301,S,Make up
416393,Product 416393,A,Make up
171339018,Product 171339018,A,Make up
267865,Product 267865,E,Women
202038269,Product 202038269,D,Make up
14388019,Product 14388019,U,Make up
232876,Product 232876,L,Make up
264996,Product 264996,H,Men
261896,Product 261896,S,Women
370160,Product 370160,P,Women
3436029,Product 3436029,C,Men
238709479,Product 238709479,A,Women
255018448,Product 255018448,E,Women
244824270,Product 244824270,A,Accessoires
504246,Product 504246,C,Women
259142157,Product 259142157,P,Women
495161,Product 495161,E,Women
256066,Product 256066,B,Women
114150034,Product 114150034,F,Women
95535849,Product 95535849,A,Women
212182,Product 212182,D,Women
217726,Product 217726,C,Make up
234789,Product 234789,C,Make up
239983,Product 239983,S,Women
31828710,Product 31828710,U,Make up
517337,Product 517337,B,Women
127638041,Product 127638041,L,Make up
242656,Product 242656,C,Make up
252614994,Product 252614994,C,Make up
285364,Product 285364,C,Men
263414,Product 263414,E,Women
223548,Product 223548,S,Make up
456654,Product 456654,C,Women
232979,Product 232979,C,Make up
248743,Product 248743,C,Make up
398113957,Product 398113957,Y,Make up
257766937,Product 257766937,H,Women
254514651,Product 254514651,E,Accessoires
212141,Product 212141,A,Men
289351,Product 289351,B,Men
131184039,Product 131184039,K,Men
276330,Product 276330,T,Women
231356168,Product 231356168,E,Women
454280,Product 454280,C,Women
335060941,Product 335060941,L,Make up
244824291,Product 244824291,A,Accessoires
262733,Product 262733,S,Make up
238745,Product 238745,J,Women
202038257,Product 202038257,D,Make up
493657,Product 493657,L,Make up
457564,Product 457564,H,Women
253824,Product 253824,E,Make up
269723,Product 269723,M,Make up
503815,Product 503815,K,Women
265111,Product 265111,C,Make up
108345070,Product 108345070,E,Make up
259688,Product 259688,C,Women
230420,Product 230420,C,Women
225235718,Product 225235718,A,Men
43112878,Product 43112878,B,Make up
61131886,Product 61131886,M,Women
453580,Product 453580,C,Women
511696,Product 511696,L,Make up
337038704,Product 337038704,E,Women
250766,Product 250766,C,Women
244138595,Product 244138595,M,Make up
393780,Product 393780,T,Men
270705,Product 270705,A,Accessoires
259335,Product 259335,C,Women
408295,Product 408295,C,Women
100066381,Product 100066381,L,Women
311275672,Product 311275672,M,Make up
262622,Product 262622,L,Women
218571,Product 218571,L,Women
222752,Product 222752,C,Sun
230230,Product 230230,N,Women
246574,Product 246574,C,Make up
17446370,Product 17446370,U,Make up
235452688,Product 235452688,U,Make up
220449,Product 220449,C,Women
9448270,Product 9448270,B,Men
244824266,Product 244824266,A,Accessoires
79129332,Product 79129332,E,Make up
275538,Product 275538,C,Women
216516,Product 216516,M,Make up
228441,Product 228441,C,Women
225590,Product 225590,B,Women
424853,Product 424853,C,Make up
260974,Product 260974,C,Men
256032,Product 256032,B,Women
263074,Product 263074,C,Women
259053,Product 259053,J,Women
288235,Product 288235,L,Make up
365543536,Product 365543536,C,Women
243443,Product 243443,L,Women
250944,Product 250944,H,Make up
109651660,Product 109651660,M,Women
43113182,Product 43113182,B,Make up
159806083,Product 159806083,F,Women
267306946,Product 267306946,F,Women
17446279,Product 17446279,U,Make up
237282,Product 237282,C,Women
249692,Product 249692,Y,Men
507584,Product 507584,C,Women
197384768,Product 197384768,C,Make up
231849,Product 231849,M,Women
480565,Product 480565,S,Make up
43113200,Product 43113200,B,Make up
354724670,Product 354724670,B,Women
125130125,Product 125130125,G,Women
242945,Product 242945,H,Men
221839873,Product 221839873,S,Make up
278624,Product 278624,L,Make up
253877,Product 253877,L,Women
277406,Product 277406,D,Make up
458388,Product 458388,S,Women
212046,Product 212046,C,Make up
212917,Product 212917,S,Make up
274541,Product 274541,H,Men
225915224,Product 225915224,B,Men
75231169,Product 75231169,C,Make up
114149994,Product 114149994,F,Women
512526,Product 512526,C,Make up
245224,Product 245224,S,Women
513005,Product 513005,E,Make up
224556315,Product 224556315,B,Women
516742,Product 516742,G,Men
227321,Product 227321,C,Make up
224985,Product 224985,C,Make up
156497111,Product 156497111,A,Women
252825,Product 252825,M,Make up
416142,Product 416142,B,Women
128663326,Product 128663326,A,Make up
235452667,Product 235452667,U,Make up
458292,Product 458292,F,Accessoires
281187,Product 281187,D,Women
249421,Product 249421,C,Women
56033061,Product 56033061,M,Women
260908,Product 260908,H,Men
465448,Product 465448,M,Sun
465514,Product 465514,M,Sun
9937796,Product 9937796,M,Make up
221839865,Product 221839865,S,Make up
225235727,Product 225235727,A,Women
234943,Product 234943,B,Men
156497098,Product 156497098,N,Women
309181807,Product 309181807,M,Make up
273542,Product 273542,C,Make up
465473,Product 465473,L,Make up
271139195,Product 271139195,A,Accessoires
213030,Product 213030,L,Women
212058,Product 212058,C,Make up
240116,Product 240116,L,Women
495237,Product 495237,D,Make up
240542,Product 240542,B,Men
221839856,Product 221839856,S,Make up
242812079,Product 242812079,P,Men
255018447,Product 255018447,A,Women
240760451,Product 240760451,G,Women
262448,Product 262448,C,Women
243655,Product 243655,G,Make up
245632,Product 245632,D,Make up
231087,Product 231087,L,Women
230814,Product 230814,G,Make up
244958,Product 244958,E,Women
253520,Product 253520,G,Make up
340419814,Product 340419814,C,Women
270628,Product 270628,G,Women
309181815,Product 309181815,L,Women
242992,Product 242992,S,Make up
156497112,Product 156497112,N,Women
491315,Product 491315,C,Women
363883,Product 363883,G,Women
501560,Product 501560,S,Make up
254464,Product 254464,C,Make up
127638022,Product 127638022,B,Women
285065,Product 285065,B,Women
232652,Product 232652,D,Men
7044248,Product 7044248,M,Make up
244233,Product 244233,Y,Make up
219803601,Product 219803601,J,Women
291019,Product 291019,C,Women
242690,Product 242690,M,Women
250140,Product 250140,S,Make up
30317256,Product 30317256,A,Women
326380501,Product 326380501,H,Men
276684493,Product 276684493,E,Women
238365,Product 238365,J,Men
100066389,Product 100066389,L,Women
265690,Product 265690,C,Women
6066065,Product 6066065,C,Accessoires
218373,Product 218373,C,Make up
194030409,Product 194030409,Z,Women
270189,Product 270189,S,Women
242812078,Product 242812078,E,Women
155174637,Product 155174637,D,Men
156497109,Product 156497109,B,Women
216831,Product 216831,C,Make up
224106,Product 224106,S,Accessoires
272087,Product 272087,S,Women
242923,Product 242923,S,Accessoires
250858,Product 250858,C,Sun
262730,Product 262730,C,Make up
244824322,Product 244824322,A,Accessoires
287980,Product 287980,C,Make up
170090992,Product 170090992,U,Make up
211670,Product 211670,C,Women
368703103,Product 368703103,A,Women
514304,Product 514304,D,Women
514709,Product 514709,S,Make up
228924,Product 228924,C,Women
247345,Product 247345,D,Men
144193446,Product 144193446,G,Make up
244824261,Product 244824261,A,Accessoires
449591,Product 449591,S,Make up
251965,Product 251965,H,Women
511690,Product 511690,B,Women
238185940,Product 238185940,L,Women
256674,Product 256674,C,Women
277123,Product 277123,G,Men
249152,Product 249152,T,Men
255018391,Product 255018391,E,Women
244098,Product 244098,C,Women
251345,Product 251345,L,Make up
226594814,Product 226594814,A,Accessoires
253144,Product 253144,E,Make up
30317191,Product 30317191,C,Women
43112922,Product 43112922,B,Accessoires
179133137,Product 179133137,C,Women
258744,Product 258744,C,Women
226949,Product 226949,E,Women
114149999,Product 114149999,F,Women
272335,Product 272335,C,Men
265726,Product 265726,C,Women
120232681,Product 120232681,C,Accessoires
283272,Product 283272,C,Make up
238464,Product 238464,C,Make up
170091008,Product 170091008,L,Make up
257912,Product 257912,H,Make up
228054,Product 228054,G,Make up
224383,Product 224383,L,Women
236135919,Product 236135919,C,Make up
261821,Product 261821,B,Women
298592,Product 298592,C,Make up
450672,Product 450672,C,Women
480479,Product 480479,D,Make up
250761,Product 250761,G,Make up
364533,Product 364533,G,Make up
280667,Product 280667,C,Make up
127638038,Product 127638038,L,Make up
368703102,Product 368703102,B,Women
118265512,Product 118265512,D,Women
335061021,Product 335061021,Y,Make up
251478,Product 251478,A,Women
268806,Product 268806,M,Women
254203,Product 254203,M,Make up
269112,Product 269112,C,Men
155174640,Product 155174640,A,Men
235452680,Product 235452680,D,Women
282133,Product 282133,C,Make up
107691880,Product 107691880,H,Women
213964,Product 213964,D,Make up
223029,Product 223029,L,Make up
218399,Product 218399,C,Make up
231644,Product 231644,L,Make up
244824316,Product 244824316,A,Accessoires
412356,Product 412356,B,Women
61131888,Product 61131888,M,Women
166838321,Product 166838321,M,Make up
277378155,Product 277378155,E,Make up
375424520,Product 375424520,B,Women
271139204,Product 271139204,A,Women
274403,Product 274403,B,Men
281396,Product 281396,D,Women
221839857,Product 221839857,A,Women
225235733,Product 225235733,A,Men
459540,Product 459540,L,Sun
243164,Product 243164,G,Make up
259309,Product 259309,C,Women
183636933,Product 183636933,H,Women
202713874,Product 202713874,M,Make up
269342,Product 269342,E,Sun
279657,Product 279657,L,Women
241513,Product 241513,P,Women
187400168,Product 187400168,A,Women
217090529,Product 217090529,E,Women
230624,Product 230624,L,Women
288506402,Product 288506402,B,Women
268439,Product 268439,D,Women
244824323,Product 244824323,A,Accessoires
21590936,Product 21590936,B,Women
231231,Product 231231,B,Women
272249,Product 272249,C,Women
220482193,Product 220482193,G,Make up
267289,Product 267289,C,Women
235065,Product 235065,G,Make up
247090,Product 247090,B,Women
255350,Product 255350,C,Men
287587,Product 287587,G,Men
263238,Product 263238,C,Make up
509880,Product 509880,C,Accessoires
252370,Product 252370,C,Make up
407168814,Product 407168814,M,Make up
14388021,Product 14388021,U,Make up
276153,Product 276153,S,Make up
275369,Product 275369,C,Make up
142215518,Product 142215518,Y,Make up
251592,Product 251592,C,Make up
30317178,Product 30317178,C,Make up
471578,Product 471578,C,Make up
238185932,Product 238185932,S,Women
225501,Product 225501,B,Women
228847,Product 228847,L,Make up
229685,Product 229685,C,Make up
243496367,Product 243496367,M,Make up
505794,Product 505794,S,Make up
288506406,Product 288506406,H,Make up
31828705,Product 31828705,L,Make up
237944,Product 237944,A,Accessoires
114150013,Product 114150013,U,Make up
466143,Product 466143,S,Make up
2893045,Product 2893045,J,Women
257389,Product 257389,M,Make up
251229,Product 251229,C,Make up
171339025,Product 171339025,A,Women
256704,Product 256704,C,Women
231875,Product 231875,Y,Make up
262749,Product 262749,S,Women
44399934,Product 44399934,M,Women
138262091,Product 138262091,A,Women
517298,Product 517298,V,Women
243496384,Product 243496384,B,Women
368019379,Product 368019379,Z,Men
17446191,Product 17446191,U,Make up
451381,Product 451381,S,Make up
317424684,Product 317424684,C,Women
358641938,Product 358641938,D,Make up
250708,Product 250708,D,Women
257026,Product 257026,G,Make up
266469,Product 266469,D,Men
267954,Product 267954,M,Make up
388065,Product 388065,M,Make up
229313691,Product 229313691,L,Women
282824,Product 282824,Y,Women
254826,Product 254826,C,Make up
354724458,Product 354724458,D,Make up
262539550,Product 262539550,C,Make up
254739,Product 254739,C,Make up
272065,Product 272065,S,Women
122631913,Product 122631913,C,Make up
202713887,Product 202713887,M,Make up
237498,Product 237498,L,Women
285204,Product 285204,C,Make up
244824283,Product 244824283,A,Accessoires
105080384,Product 105080384,Y,Make up
236135931,Product 236135931,M,Women
224635,Product 224635,S,Make up
219125162,Product 219125162,C,Make up
30317185,Product 30317185,C,Make up
245216,Product 245216,L,Sun
500416,Product 500416,D,Women
253584,Product 253584,G,Make up
220482199,Product 220482199,K,Women
263541,Product 263541,M,Make up
225235717,Product 225235717,A,Women
276507,Product 276507,D,Men
290857,Product 290857,B,Women
387888,Product 387888,E,Women
120888488,Product 120888488,L,Women
266793,Product 266793,L,Make up
412764,Product 412764,C,Women
249044,Product 249044,G,Women
64473817,Product 64473817,D,Make up
264361,Product 264361,L,Make up
506764,Product 506764,L,Make up
10427458,Product 10427458,M,Women
512527,Product 512527,D,Make up
257079661,Product 257079661,F,Women
239892,Product 239892,A,Accessoires
183636929,Product 183636929,H,Women
108345074,Product 108345074,E,Make up
231295,Product 231295,C,Women
225235714,Product 225235714,A,Men
241739,Product 241739,S,Make up
254397,Product 254397,Y,Make up
151735722,Product 151735722,G,Women
514669,Product 514669,S,Make up
273021,Product 273021,L,Sun
450648,Product 450648,L,Sun
342469402,Product 342469402,B,Women
272594,Product 272594,C,Women
237230,Product 237230,M,Make up
256764,Product 256764,P,Men
507691,Product 507691,C,Women
365638,Product 365638,M,Make up
128663333,Product 128663333,A,Make up
251100,Product 251100,M,Women
227953,Product 227953,C,Women
252660,Product 252660,D,Men
276079,Product 276079,T,Women
232053,Product 232053,S,Women
276626,Product 276626,D,Make up
236156,Product 236156,C,Make up
364872385,Product 364872385,C,Women
483365,Product 483365,C,Make up
496383,Product 496383,C,Men
249828,Product 249828,C,Women
117610061,Product 117610061,B,Men
14388015,Product 14388015,U,Make up
299443055,Product 299443055,D,Accessoires
311275598,Product 311275598,S,Make up
223510,Product 223510,M,Make up
273649,Product 273649,C,Women
236227,Product 236227,M,Make up
112841779,Product 112841779,M,Make up
202713889,Product 202713889,M,Make up
254163,Product 254163,G,Make up
278638,Product 278638,L,Women
226874,Product 226874,N,Women
216002,Product 216002,B,Sun
230696,Product 230696,C,Make up
155174642,Product 155174642,D,Men
463852,Product 463852,C,Make up
113495776,Product 113495776,C,Make up
246812,Product 246812,B,Women
113495853,Product 113495853,C,Make up
229989,Product 229989,A,Accessoires
357960451,Product 357960451,D,Women
398113960,Product 398113960,L,Women
270222,Product 270222,L,Women
238140,Product 238140,C,Women
459191,Product 459191,C,Men
251348,Product 251348,Y,Make up
430046,Product 430046,Y,Make up
261247,Product 261247,P,Men
135028192,Product 135028192,K,Women
221839876,Product 221839876,S,Make up
243448,Product 243448,L,Women
238160,Product 238160,V,Women
254775,Product 254775,C,Make up
466003,Product 466003,M,Make up
388068,Product 388068,M,Make up
257032,Product 257032,S,Make up
179799414,Product 179799414,A,Women
249901,Product 249901,S,Make up
179799394,Product 179799394,A,Women
241007,Product 241007,L,Men
44399924,Product 44399924,M,Women
96838902,Product 96838902,C,Women
245233,Product 245233,T,Men
223725,Product 223725,J,Women
225666,Product 225666,C,Make up
225350,Product 225350,E,Women
248590,Product 248590,H,Accessoires
266213,Product 266213,A,Accessoires
17446221,Product 17446221,U,Accessoires
240908,Product 240908,C,Make up
242812098,Product 242812098,E,Women
365490,Product 365490,D,Women
258841,Product 258841,C,Make up
286449,Product 286449,L,Women
166838324,Product 166838324,M,Make up
288506404,Product 288506404,B,Women
251918,Product 251918,M,Women
271723,Product 271723,K,Men
247782,Product 247782,C,Men
248223,Product 248223,S,Women
259541,Product 259541,S,Make up
257304,Product 257304,H,Men
121544506,Product 121544506,M,Sun
220482178,Product 220482178,G,Make up
220482186,Product 220482186,G,Make up
255018415,Product 255018415,E,Women
179799406,Product 179799406,L,Women
252614989,Product 252614989,C,Make up
472936,Product 472936,Y,Men
135028157,Product 135028157,B,Make up
229993647,Product 229993647,M,Women
226901,Product 226901,N,Women
450789,Product 450789,G,Men
242714,Product 242714,C,Make up
233771,Product 233771,A,Women
443197,Product 443197,E,Women
259087,Product 259087,C,Women
256431,Product 256431,C,Make up
255802,Product 255802,S,Make up
240562,Product 240562,L,Make up
242812096,Product 242812096,A,Women
227628,Product 227628,C,Make up
257147,Product 257147,L,Women
461777,Product 461777,S,Women
226347,Product 226347,L,Make up
235120,Product 235120,L,Women
248259,Product 248259,L,Women
502618,Product 502618,E,Women
266212,Product 266212,C,Women
113495842,Product 113495842,C,Make up
259308,Product 259308,A,Men
153542586,Product 153542586,L,Make up
31762197,Product 31762197,S,Women
224914,Product 224914,M,Make up
255371,Product 255371,G,Women
260711,Product 260711,Y,Women
246441,Product 246441,L,Make up
270345,Product 270345,G,Make up
116954519,Product 116954519,D,Make up
223266,Product 223266,M,Women
239648,Product 239648,C,Men
249216,Product 249216,S,Make up
254936,Product 254936,E,Make up
412879,Product 412879,B,Men
517506,Product 517506,N,Women
335060937,Product 335060937,L,Women
282115,Product 282115,C,Make up
133054797,Product 133054797,P,Women
250504,Product 250504,M,Women
229456,Product 229456,E,Make up
228601,Product 228601,E,Women
95535869,Product 95535869,D,Men
309181775,Product 309181775,M,Make up
419772,Product 419772,C,Make up
399161,Product 399161,Y,Make up
243496364,Product 243496364,G,Women
418984,Product 418984,C,Women
285324,Product 285324,A,Women
243620,Product 243620,C,Women
78479500,Product 78479500,B,Men
78479499,Product 78479499,B,Men
260537,Product 260537,S,Women
237248,Product 237248,C,Women
226929,Product 226929,T,Women
232236,Product 232236,C,Make up
501798,Product 501798,C,Make up
278668,Product 278668,L,Women
340419783,Product 340419783,C,Women
215723,Product 215723,L,Make up
368703097,Product 368703097,A,Women
449725,Product 449725,S,Make up
384104095,Product 384104095,B,Women
417198,Product 417198,M,Make up
212015,Product 212015,B,Women
239180,Product 239180,R,Men
266491,Product 266491,S,Make up
233853,Product 233853,B,Women
135686349,Product 135686349,H,Men
261351,Product 261351,A,Men
393292,Product 393292,E,Women
224387,Product 224387,C,Make up
237428,Product 237428,Y,Men
129212181,Product 129212181,C,Women
252657,Product 252657,C,Women
44399923,Product 44399923,M,Women
275990897,Product 275990897,A,Women
237313,Product 237313,S,Make up
75231156,Product 75231156,C,Women
202038263,Product 202038263,D,Make up
211225,Product 211225,Z,Men
224586,Product 224586,S,Make up
299443073,Product 299443073,D,Make up
242745,Product 242745,E,Make up
243589,Product 243589,C,Women
219803613,Product 219803613,A,Women
262327,Product 262327,L,Women
363460014,Product 363460014,M,Women
238507,Product 238507,C,Sun
213183,Product 213183,G,Women
275990888,Product 275990888,Y,Make up
427216,Product 427216,G,Men
232116,Product 232116,M,Make up
224309,Product 224309,C,Make up
250558,Product 250558,C,Make up
517796,Product 517796,C,Men
225915228,Product 225915228,B,Women
234021,Product 234021,H,Men
238560,Product 238560,H,Men
286842,Product 286842,H,Men
233930,Product 233930,C,Women
140238409,Product 140238409,S,Make up
225235708,Product 225235708,A,Men
262464,Product 262464,C,Women
268730,Product 268730,D,Women
44399912,Product 44399912,M,Women
261231,Product 261231,C,Make up
44399910,Product 44399910,M,Women
153542570,Product 153542570,L,Make up
231388,Product 231388,M,Make up
223480,Product 223480,S,Make up
238185930,Product 238185930,D,Women
219125139,Product 219125139,C,Make up
251767,Product 251767,C,Make up
221160953,Product 221160953,Y,Make up
359931919,Product 359931919,L,Make up
155174656,Product 155174656,D,Women
254753,Product 254753,S,Make up
59836611,Product 59836611,L,Women
417389,Product 417389,D,Make up
261851089,Product 261851089,B,Women
202038236,Product 202038236,D,Men
120232685,Product 120232685,C,Women
122631922,Product 122631922,E,Women
271063,Product 271063,C,Make up
203370144,Product 203370144,C,Make up
286628,Product 286628,G,Make up
40260392,Product 40260392,M,Women
226629,Product 226629,C,Make up
220981,Product 220981,L,Make up
228691,Product 228691,S,Make up
232572,Product 232572,P,Women
231283,Product 231283,C,Women
222895,Product 222895,D,Women
517294,Product 517294,V,Women
155835767,Product 155835767,B,Women
443341,Product 443341,E,Women
3436027,Product 3436027,C,Men
262262,Product 262262,B,Women
280336,Product 280336,B,Women
225235739,Product 225235739,A,Men
268646680,Product 268646680,U,Make up
243528,Product 243528,C,Men
275362,Product 275362,C,Make up
224556308,Product 224556308,B,Men
465447,Product 465447,C,Women
282253,Product 282253,B,Women
215734505,Product 215734505,B,Women
275990902,Product 275990902,A,Women
234086658,Product 234086658,E,Women
398829613,Product 398829613,J,Sun
267063,Product 267063,C,Women
224556288,Product 224556288,C,Women
56679935,Product 56679935,M,Women
502589,Product 502589,E,Women
505613,Product 505613,L,Women
262930,Product 262930,B,Men
225235710,Product 225235710,A,Men
261851092,Product 261851092,B,Women
237647,Product 237647,H,Men
517318,Product 517318,Y,Women
242812080,Product 242812080,A,Accessoires
262539530,Product 262539530,D,Women
231627,Product 231627,C,Women
248978,Product 248978,I,Men
236135925,Product 236135925,M,Women
244824300,Product 244824300,F,Women
242599,Product 242599,Y,Women
512657,Product 512657,D,Women
14388002,Product 14388002,U,Make up
223909,Product 223909,L,Make up
229263,Product 229263,V,Men
258824,Product 258824,C,Women
120232663,Product 120232663,M,Women
240073,Product 240073,A,Sun
256852,Product 256852,L,Women
171339023,Product 171339023,A,Make up
212346731,Product 212346731,U,Make up
483541,Product 483541,Y,Make up
288123,Product 288123,H,Men
268719,Product 268719,V,Women
417943,Product 417943,S,Make up
259108,Product 259108,M,Make up
309181814,Product 309181814,M,Make up
265881,Product 265881,S,Make up
240341,Product 240341,M,Accessoires
268232,Product 268232,G,Make up
243496387,Product 243496387,M,Make up
129869406,Product 129869406,A,Men
187400183,Product 187400183,G,Women
219125140,Product 219125140,C,Make up
17446331,Product 17446331,U,Make up
229993652,Product 229993652,M,Women
223178,Product 223178,K,Women
229814,Product 229814,C,Make up
384073,Product 384073,M,Make up
511551,Product 511551,M,Make up
258788,Product 258788,C,Make up
297244,Product 297244,G,Make up
423920,Product 423920,C,Sun
259225,Product 259225,L,Women
254183,Product 254183,L,Make up
282146,Product 282146,D,Women
243885,Product 243885,S,Make up
59836614,Product 59836614,B,Women
228912,Product 228912,S,Make up
227508,Product 227508,G,Men
506189,Product 506189,L,Men
43113016,Product 43113016,B,Make up
171339024,Product 171339024,A,Make up
247184,Product 247184,B,Women
234769550,Product 234769550,E,Make up
43113204,Product 43113204,B,Make up
318123554,Product 318123554,B,Women
278307,Product 278307,S,Make up
17446358,Product 17446358,U,Make up
17446523,Product 17446523,U,Accessoires
513123,Product 513123,Y,Make up
515722,Product 515722,C,Women
250961,Product 250961,D,Men
166838318,Product 166838318,E,Women
275304,Product 275304,C,Make up
265183,Product 265183,M,Make up
244824310,Product 244824310,A,Accessoires
223453,Product 223453,S,Women
282021,Product 282021,C,Make up
244824265,Product 244824265,A,Accessoires
238016,Product 238016,C,Make up
94884380,Product 94884380,D,Men
217102,Product 217102,E,Women
224728,Product 224728,I,Women
227384,Product 227384,E,Women
221083,Product 221083,E,Women
243169,Product 243169,H,Men
94884383,Product 94884383,S,Make up
256343,Product 256343,B,Women
268664,Product 268664,B,Women
417104,Product 417104,E,Women
254728,Product 254728,C,Women
268803,Product 268803,C,Men
242777,Product 242777,C,Make up
240760465,Product 240760465,G,Women
192007896,Product 192007896,B,Men
239336,Product 239336,E,Make up
500602,Product 500602,Y,Women
511612,Product 511612,Z,Women
180413890,Product 180413890,M,Accessoires
105080349,Product 105080349,Y,Make up
228299,Product 228299,C,Make up
230483,Product 230483,D,Women
236631,Product 236631,A,Women
414696,Product 414696,C,Make up
465404,Product 465404,L,Make up
505755,Product 505755,E,Women
367192,Product 367192,M,Make up
260605,Product 260605,L,Make up
108345076,Product 108345076,E,Make up
232101,Product 232101,Y,Make up
228543,Product 228543,E,Women
415012,Product 415012,M,Women
241264,Product 241264,E,Women
256310,Product 256310,B,Women
236346,Product 236346,G,Make up
122631911,Product 122631911,E,Women
504106,Product 504106,T,Women
278705,Product 278705,I,Women
263920684,Product 263920684,G,Make up
488705,Product 488705,B,Women
254763,Product 254763,C,Women
180413875,Product 180413875,A,Women
252615007,Product 252615007,C,Make up
211200,Product 211200,Y,Men
224266,Product 224266,C,Make up
503604,Product 503604,E,Make up
219308,Product 219308,Y,Make up
220654,Product 220654,E,Women
226594811,Product 226594811,C,Women
268847,Product 268847,L,Women
241907,Product 241907,L,Women
364872356,Product 364872356,L,Sun
377129,Product 377129,M,Make up
414575,Product 414575,M,Women
209732,Product 209732,L,Women
244824307,Product 244824307,A,Accessoires
231269,Product 231269,B,Men
218002,Product 218002,C,Make up
233230,Product 233230,M,Accessoires
3436023,Product 3436023,S,Make up
511856,Product 511856,H,Women
233726,Product 233726,B,Women
216412488,Product 216412488,C,Accessoires
371192,Product 371192,D,Make up
507566,Product 507566,D,Make up
477960,Product 477960,S,Women
243496343,Product 243496343,G,Women
505614,Product 505614,S,Make up
508682,Product 508682,G,Women
272123,Product 272123,I,Women
236669,Product 236669,C,Make up
248963,Product 248963,G,Make up
309181798,Product 309181798,M,Make up
252252,Product 252252,E,Women
286036,Product 286036,S,Make up
515726,Product 515726,C,Make up
335638056,Product 335638056,G,Make up
249439,Product 249439,C,Women
228110,Product 228110,C,Women
506811,Product 506811,E,Make up
258769,Product 258769,H,Men
43112930,Product 43112930,B,Make up
202038253,Product 202038253,D,Make up
442840,Product 442840,S,Make up
238758,Product 238758,C,Women
44399914,Product 44399914,M,Women
237348,Product 237348,L,Women
234083,Product 234083,M,Women
384122,Product 384122,F,Women
354724450,Product 354724450,M,Make up
214667,Product 214667,G,Make up
43113134,Product 43113134,B,Make up
460479,Product 460479,L,Sun
363459998,Product 363459998,M,Women
298962,Product 298962,D,Women
353797574,Product 353797574,N,Women
17446349,Product 17446349,U,Make up
135028161,Product 135028161,B,Make up
238473,Product 238473,I,Men
258560,Product 258560,C,Make up
273467,Product 273467,S,Women
440174,Product 440174,M,Make up
371773,Product 371773,S,Make up
166838327,Product 166838327,M,Accessoires
218974,Product 218974,K,Women
244147,Product 244147,A,Accessoires
414538,Product 414538,E,Women
367436659,Product 367436659,A,Women
335061017,Product 335061017,Y,Women
233131,Product 233131,B,Women
268714,Product 268714,B,Men
229026,Product 229026,S,Women
226858,Product 226858,M,Make up
270237,Product 270237,C,Women
43113127,Product 43113127,B,Make up
253580,Product 253580,D,Women
269470,Product 269470,C,Men
94884412,Product 94884412,S,Make up
279659,Product 279659,C,Women
79779272,Product 79779272,G,Women
243496391,Product 243496391,M,Make up
216412525,Product 216412525,C,Accessoires
309181802,Product 309181802,M,Make up
261921,Product 261921,C,Make up
216412466,Product 216412466,C,Accessoires
13979907,Product 13979907,T,Men
501040,Product 501040,M,Make up
220866,Product 220866,D,Men
237168,Product 237168,D,Make up
229777,Product 229777,N,Women
260812,Product 260812,S,Women
96838907,Product 96838907,B,Sun
455698,Product 455698,P,Men
517496,Product 517496,I,Men
359226609,Product 359226609,J,Women
240483,Product 240483,N,Women
363460001,Product 363460001,M,Women
269818,Product 269818,C,Make up
254030,Product 254030,C,Make up
511697,Product 511697,L,Make up
213217,Product 213217,M,Make up
326380515,Product 326380515,H,Men
270545,Product 270545,Y,Make up
212663,Product 212663,S,Accessoires
244138592,Product 244138592,M,Make up
282297,Product 282297,G,Make up
44399917,Product 44399917,M,Women
239078,Product 239078,A,Women
412896,Product 412896,C,Women
114150012,Product 114150012,F,Women
96838918,Product 96838918,B,Sun
236135916,Product 236135916,S,Women
17446396,Product 17446396,U,Make up
263233,Product 263233,E,Women
10427452,Product 10427452,C,Women
393028,Product 393028,D,Women
254285,Product 254285,C,Women
271445,Product 271445,C,Women
464128,Product 464128,L,Make up
238185931,Product 238185931,B,Women
252258,Product 252258,E,Women
461038,Product 461038,J,Women
244824278,Product 244824278,A,Accessoires
226594822,Product 226594822,C,Make up
238709480,Product 238709480,P,Women
109651661,Product 109651661,M,Women
20276572,Product 20276572,R,Men
9448262,Product 9448262,B,Men
229652,Product 229652,C,Women
231462,Product 231462,C,Women
230043,Product 230043,A,Women
221839870,Product 221839870,S,Make up
244824303,Product 244824303,A,Accessoires
274131,Product 274131,L,Women
54797122,Product 54797122,M,Women
285497,Product 285497,C,Make up
268591,Product 268591,C,Make up
258205,Product 258205,C,Women
255018436,Product 255018436,E,Women
94884402,Product 94884402,A,Women
253248489,Product 253248489,M,Men
275726,Product 275726,C,Women
251395,Product 251395,Y,Make up
255291,Product 255291,C,Women
287792,Product 287792,C,Make up
257321,Product 257321,M,Accessoires
395999,Product 395999,M,Make up
365543532,Product 365543532,M,Women
244824292,Product 244824292,A,Accessoires
224556304,Product 224556304,J,Women
392758,Product 392758,D,Make up
292648,Product 292648,S,Make up
244508,Product 244508,B,Women
245926,Product 245926,E,Make up
230522,Product 230522,B,Women
231089,Product 231089,A,Men
327080081,Product 327080081,C,Accessoires
440501,Product 440501,P,Women
277211,Product 277211,A,Men
512501,Product 512501,D,Make up
241274,Product 241274,S,Women
259593,Product 259593,G,Make up
476466,Product 476466,L,Make up
221731,Product 221731,G,Make up
128663337,Product 128663337,A,Make up
243496385,Product 243496385,M,Make up
392814,Product 392814,G,Women
235452683,Product 235452683,D,Women
276703,Product 276703,S,Make up
254347,Product 254347,S,Women
259142168,Product 259142168,J,Men
403851,Product 403851,C,Women
246847,Product 246847,P,Women
114150029,Product 114150029,F,Women
262030,Product 262030,H,Women
414565,Product 414565,M,Women
445284,Product 445284,M,Women
260383,Product 260383,C,Women
244824301,Product 244824301,A,Accessoires
272494,Product 272494,C,Sun
270434,Product 270434,C,Make up
275284,Product 275284,E,Women
215529,Product 215529,D,Women
259830144,Product 259830144,C,Women
274390,Product 274390,B,Men
260530,Product 260530,S,Women
244138590,Product 244138590,M,Make up
287492,Product 287492,C,Make up
187400186,Product 187400186,G,Women
215912,Product 215912,B,Women
230724,Product 230724,D,Women
236770,Product 236770,L,Women
230038,Product 230038,L,Make up
234810,Product 234810,I,Women
453568,Product 453568,S,Women
484141,Product 484141,I,Women
296938,Product 296938,C,Men
225875,Product 225875,D,Make up
157820432,Product 157820432,M,Women
254851,Product 254851,L,Make up
433280,Product 433280,D,Make up
440231,Product 440231,M,Make up
44399936,Product 44399936,M,Women
244824298,Product 244824298,A,Accessoires
4409125,Product 4409125,C,Women
244340,Product 244340,H,Men
43113130,Product 43113130,B,Women
256981,Product 256981,B,Women
43112852,Product 43112852,B,Make up
238101,Product 238101,P,Men
199922,Product 199922,N,Men
112841745,Product 112841745,C,Women
470772,Product 470772,J,Women
254654,Product 254654,S,Women
251678,Product 251678,P,Men
460991,Product 460991,E,Women
231357,Product 231357,C,Women
244931,Product 244931,C,Make up
360637334,Product 360637334,E,Make up
234467,Product 234467,S,Make up
316027080,Product 316027080,G,Women
257663,Product 257663,L,Women
75880752,Product 75880752,K,Women
134370228,Product 134370228,M,Make up
240739,Product 240739,E,Make up
243779,Product 243779,R,Men
246939,Product 246939,S,Make up
253353,Product 253353,A,Women
30317205,Product 30317205,E,Women
223877035,Product 223877035,C,Make up
276883,Product 276883,C,Make up
20276569,Product 20276569,R,Men
367185,Product 367185,M,Make up
79129315,Product 79129315,E,Make up
219002,Product 219002,K,Women
222486,Product 222486,E,Women
233227,Product 233227,M,Accessoires
235111,Product 235111,G,Make up
512517,Product 512517,D,Men
17446266,Product 17446266,U,Make up
14388000,Product 14388000,U,Make up
17446220,Product 17446220,U,Make up
270539,Product 270539,Y,Make up
250330,Product 250330,B,Women
247948,Product 247948,C,Women
340419792,Product 340419792,C,Make up
232020,Product 232020,E,Women
223684,Product 223684,S,Women
227335,Product 227335,C,Women
232281,Product 232281,G,Make up
246060,Product 246060,E,Women
223877045,Product 223877045,H,Men
180413888,Product 180413888,E,Make up
239401,Product 239401,C,Women
236490,Product 236490,A,Men
236313,Product 236313,S,Women
249299,Product 249299,S,Women
261150,Product 261150,H,Women
251936,Product 251936,C,Women
449515,Product 449515,B,Men
327080079,Product 327080079,C,Women
143534054,Product 143534054,C,Sun
241018,Product 241018,P,Women
238950,Product 238950,H,Men
240474,Product 240474,A,Men
236576,Product 236576,C,Make up
436382,Product 436382,D,Make up
221839852,Product 221839852,S,Make up
235452690,Product 235452690,D,Men
155174653,Product 155174653,D,Women
209999,Product 209999,J,Men
287826,Product 287826,C,Make up
242898,Product 242898,B,Men
391732,Product 391732,L,Women
131184027,Product 131184027,H,Men
511689,Product 511689,B,Women
278473,Product 278473,C,Women
267553,Product 267553,Y,Make up
281359,Product 281359,C,Men
229833,Product 229833,L,Women
223856,Product 223856,C,Men
216049,Product 216049,G,Make up
217948,Product 217948,A,Accessoires
274232,Product 274232,C,Women
450714,Product 450714,S,Make up
226594826,Product 226594826,C,Women
225235726,Product 225235726,A,Women
225235730,Product 225235730,A,Men
202038298,Product 202038298,D,Make up
44399932,Product 44399932,M,Women
288350,Product 288350,T,Women
244824263,Product 244824263,A,Accessoires
364872364,Product 364872364,M,Women
363460003,Product 363460003,E,Women
496004,Product 496004,A,Women
502701,Product 502701,H,Women
227984,Product 227984,G,Make up
365730,Product 365730,B,Men
515725,Product 515725,C,Make up
249981,Product 249981,Y,Women
234194,Product 234194,M,Make up
311275647,Product 311275647,S,Make up
359931863,Product 359931863,L,Make up
266534,Product 266534,M,Make up
286299,Product 286299,M,Accessoires
96838944,Product 96838944,C,Make up
243496389,Product 243496389,M,Make up
294552,Product 294552,M,Women
512442,Product 512442,D,Make up
125130084,Product 125130084,G,Make up
17446522,Product 17446522,U,Accessoires
268646681,Product 268646681,U,Make up
275866,Product 275866,B,Women
260513,Product 260513,C,Make up
203370146,Product 203370146,E,Make up
269674,Product 269674,C,Make up
271233,Product 271233,C,Women
234730,Product 234730,G,Make up
393710,Product 393710,A,Make up
44399928,Product 44399928,M,Women
2893052,Product 2893052,S,Women
257451,Product 257451,H,Make up
224010,Product 224010,C,Women
251529,Product 251529,G,Make up
345955051,Product 345955051,L,Make up
271270,Product 271270,N,Women
225235715,Product 225235715,A,Men
248225,Product 248225,C,Make up
247343,Product 247343,L,Make up
240760462,Product 240760462,G,Women
128663339,Product 128663339,A,Make up
441629,Product 441629,E,Women
79129336,Product 79129336,E,Make up
271139199,Product 271139199,A,Women
275990891,Product 275990891,A,Accessoires
369286138,Product 369286138,A,Women
244824271,Product 244824271,A,Accessoires
288506407,Product 288506407,B,Women
194030410,Product 194030410,C,Men
470156,Product 470156,C,Make up
289272,Product 289272,B,Women
120888474,Product 120888474,L,Sun
505615,Product 505615,L,Women
133712435,Product 133712435,T,Men
282415,Product 282415,M,Men
240668,Product 240668,B,Men
258454432,Product 258454432,B,Make up
246061,Product 246061,E,Sun
238537,Product 238537,H,Men
219125152,Product 219125152,C,Make up
217032,Product 217032,D,Women
218013,Product 218013,C,Women
220108,Product 220108,M,Women
292758,Product 292758,T,Women
79129331,Product 79129331,H,Women
251847,Product 251847,E,Make up
268882,Product 268882,G,Women
260348,Product 260348,M,Make up
309181778,Product 309181778,M,Make up
470115,Product 470115,C,Women
96838925,Product 96838925,C,Make up
276894,Product 276894,G,Make up
254749,Product 254749,S,Women
501303,Product 501303,S,Women
457080,Product 457080,D,Make up
478981,Product 478981,D,Make up
234769541,Product 234769541,C,Accessoires
113495794,Product 113495794,C,Accessoires
270997,Product 270997,Y,Make up
166838316,Product 166838316,T,Women
273217760,Product 273217760,J,Women
261451,Product 261451,M,Women
507540,Product 507540,G,Make up
219813,Product 219813,L,Women
228100,Product 228100,C,Women
249632,Product 249632,M,Accessoires
454844,Product 454844,E,Women
255361,Product 255361,C,Men
237468,Product 237468,Y,Make up
251848,Product 251848,K,Women
271347,Product 271347,B,Men
235128,Product 235128,C,Make up
241310,Product 241310,E,Make up
75880751,Product 75880751,D,Women
180413874,Product 180413874,A,Women
242812088,Product 242812088,A,Women
388679,Product 388679,M,Make up
256675,Product 256675,C,Men
278535,Product 278535,C,Make up
139579544,Product 139579544,G,Make up
242812095,Product 242812095,E,Women
500871,Product 500871,G,Men
61779766,Product 61779766,M,Women
43113249,Product 43113249,B,Make up
248602,Product 248602,C,Women
292540,Product 292540,Y,Make up
135028201,Product 135028201,C,Make up
248928,Product 248928,C,Women
247361,Product 247361,E,Make up
138262086,Product 138262086,A,Women
288050,Product 288050,C,Women
445524,Product 445524,S,Make up
375424403,Product 375424403,G,Make up
200687646,Product 200687646,P,Women
248644,Product 248644,S,Women
252971,Product 252971,S,Women
365881,Product 365881,G,Women
457175,Product 457175,B,Men
361150,Product 361150,E,Women
226051,Product 226051,E,Make up
43112859,Product 43112859,B,Make up
43113008,Product 43113008,B,Make up
246200,Product 246200,H,Men
43112992,Product 43112992,B,Make up
240760452,Product 240760452,G,Women
285330,Product 285330,S,Accessoires
164346316,Product 164346316,Y,Make up
59836610,Product 59836610,L,Women
59836608,Product 59836608,L,Women
427111,Product 427111,B,Men
515731,Product 515731,C,Make up
345252866,Product 345252866,U,Make up
217090525,Product 217090525,A,Women
336338295,Product 336338295,M,Make up
134370268,Product 134370268,M,Make up
251520,Product 251520,P,Men
27173908,Product 27173908,B,Women
182413076,Product 182413076,E,Make up
182413077,Product 182413077,E,Make up
298746476,Product 298746476,D,Make up
354724440,Product 354724440,D,Make up
298746472,Product 298746472,D,Make up
245177,Product 245177,H,Men
236853,Product 236853,A,Women
357960442,Product 357960442,F,Women
294861,Product 294861,M,Make up
166838306,Product 166838306,M,Make up
244824275,Product 244824275,A,Accessoires
255018379,Product 255018379,A,Women
238185926,Product 238185926,S,Women
252615000,Product 252615000,C,Make up
271417,Product 271417,H,Men
224556303,Product 224556303,C,Women
253155,Product 253155,C,Make up
211115,Product 211115,E,Women
44399908,Product 44399908,M,Women
224556290,Product 224556290,L,Women
275990885,Product 275990885,A,Women
280608,Product 280608,C,Women
64473809,Product 64473809,D,Make up
299443072,Product 299443072,D,Make up
369993672,Product 369993672,D,Make up
242812084,Product 242812084,E,Women
354724683,Product 354724683,D,Men
365543537,Product 365543537,L,Women
254275,Product 254275,L,Sun
479151,Product 479151,Y,Make up
326380513,Product 326380513,H,Men
225926,Product 225926,D,Men
252270,Product 252270,R,Women
254489,Product 254489,J,Men
271766,Product 271766,M,Make up
266905,Product 266905,M,Make up
125735940,Product 125735940,C,Accessoires
227387,Product 227387,G,Women
243319,Product 243319,H,Men
256819,Product 256819,C,Make up
179133135,Product 179133135,C,Women
238236,Product 238236,L,Women
202038260,Product 202038260,D,Make up
346657674,Product 346657674,H,Men
257932,Product 257932,M,Women
275993,Product 275993,S,Make up
287768,Product 287768,D,Make up
271302,Product 271302,I,Women
122631914,Product 122631914,E,Make up
266817,Product 266817,L,Make up
230659,Product 230659,C,Make up
250174,Product 250174,S,Make up
262310,Product 262310,C,Make up
248261,Product 248261,S,Women
460328,Product 460328,C,Women
96838909,Product 96838909,C,Make up
166838315,Product 166838315,E,Women
262789,Product 262789,C,Women
224265,Product 224265,C,Make up
235435,Product 235435,H,Women
251859,Product 251859,D,Men
261874,Product 261874,B,Women
386942930,Product 386942930,M,Men
386942926,Product 386942926,M,Men
244054,Product 244054,E,Women
251313,Product 251313,D,Women
249855,Product 249855,J,Women
187400163,Product 187400163,G,Women
187400179,Product 187400179,G,Women
376841705,Product 376841705,G,Make up
299314,Product 299314,L,Make up
105733160,Product 105733160,C,Men
231966,Product 231966,S,Women
515745,Product 515745,C,Make up
276989,Product 276989,C,Men
267468,Product 267468,C,Make up
187400170,Product 187400170,A,Women
242530,Product 242530,Y,Men
223100,Product 223100,M,Make up
221373,Product 221373,S,Women
242553,Product 242553,C,Women
258295,Product 258295,M,Make up
244824317,Product 244824317,A,Accessoires
234347,Product 234347,M,Make up
17446365,Product 17446365,U,Make up
166838314,Product 166838314,T,Women
309181772,Product 309181772,L,Women
393725,Product 393725,M,Women
237023,Product 237023,C,Make up
258454433,Product 258454433,B,Accessoires
259000,Product 259000,C,Make up
460379,Product 460379,S,Make up
241464,Product 241464,C,Women
263264,Product 263264,S,Women
271949,Product 271949,S,Women
218273,Product 218273,D,Make up
224595,Product 224595,B,Women
227248,Product 227248,E,Women
244824293,Product 244824293,A,Accessoires
269182,Product 269182,C,Women
9937793,Product 9937793,M,Make up
348908572,Product 348908572,M,Make up
247189,Product 247189,B,Women
244138589,Product 244138589,M,Make up
498004,Product 498004,D,Women
223877007,Product 223877007,H,Men
242231,Product 242231,M,Make up
511583,Product 511583,M,Make up
373280,Product 373280,M,Make up
265151,Product 265151,C,Sun
221839860,Product 221839860,A,Women
255018454,Product 255018454,A,Women
56033055,Product 56033055,M,Women
401170,Product 401170,A,Make up
233487,Product 233487,M,Women
287744,Product 287744,C,Men
498013,Product 498013,D,Women
476039,Product 476039,L,Make up
120232669,Product 120232669,C,Women
335638067,Product 335638067,S,Make up
220796,Product 220796,C,Women
222086,Product 222086,M,Make up
248516,Product 248516,G,Women
244336,Product 244336,G,Make up
270393,Product 270393,E,Make up
6066127,Product 6066127,C,Accessoires
252891,Product 252891,G,Women
365781,Product 365781,C,Make up
239487,Product 239487,S,Women
250327,Product 250327,B,Women
140238413,Product 140238413,P,Men
265591,Product 265591,C,Make up
274423,Product 274423,C,Women
292686,Product 292686,C,Men
246965,Product 246965,M,Make up
511379,Product 511379,L,Men
245510031,Product 245510031,R,Men
261303,Product 261303,M,Make up
233179,Product 233179,C,Women
239815,Product 239815,C,Women
449314,Product 449314,C,Women
246561,Product 246561,C,Make up
284330,Product 284330,S,Women
271139198,Product 271139198,A,Women
317424708,Product 317424708,C,Women
96838919,Product 96838919,C,Make up
43112842,Product 43112842,B,Make up
121544508,Product 121544508,E,Women
495324,Product 495324,D,Make up
257736,Product 257736,A,Accessoires
252289,Product 252289,G,Make up
399372,Product 399372,K,Women
131184034,Product 131184034,K,Women
135686343,Product 135686343,H,Men
268853,Product 268853,L,Women
194030401,Product 194030401,P,Women
224086,Product 224086,T,Women
236959,Product 236959,C,Women
377550373,Product 377550373,A,Men
500491,Product 500491,B,Women
109651662,Product 109651662,M,Women
242812102,Product 242812102,R,Men
514714,Product 514714,S,Make up
220482191,Product 220482191,G,Make up
254634,Product 254634,L,Women
133054779,Product 133054779,S,Make up
412605,Product 412605,C,Women
43113079,Product 43113079,B,Make up
43113231,Product 43113231,B,Make up
155174658,Product 155174658,D,Women
269081,Product 269081,R,Women
233372,Product 233372,C,Women
262612,Product 262612,E,Women
469670,Product 469670,G,Men
238443,Product 238443,C,Women
254357,Product 254357,M,Make up
227089,Product 227089,B,Women
219724,Product 219724,C,Make up
227439,Product 227439,D,Make up
225576,Product 225576,C,Women
249114,Product 249114,C,Make up
192007895,Product 192007895,B,Women
242812100,Product 242812100,M,Accessoires
44399906,Product 44399906,M,Women
192007897,Product 192007897,B,Women
407168795,Product 407168795,M,Make up
10427459,Product 10427459,J,Women
232973,Product 232973,C,Make up
243965,Product 243965,C,Women
261117,Product 261117,G,Make up
473849,Product 473849,V,Men
511546,Product 511546,M,Make up
225235729,Product 225235729,A,Men
514720,Product 514720,S,Make up
229547,Product 229547,I,Women
232760,Product 232760,D,Make up
461032,Product 461032,J,Women
258742,Product 258742,H,Women
234851,Product 234851,G,Women
14388022,Product 14388022,U,Make up
17446178,Product 17446178,U,Make up
139579562,Product 139579562,G,Make up
235843,Product 235843,S,Women
273877,Product 273877,E,Make up
234343,Product 234343,I,Women
270092,Product 270092,G,Men
274357,Product 274357,H,Make up
284935,Product 284935,C,Women
287965,Product 287965,C,Women
44399929,Product 44399929,M,Women
227414,Product 227414,D,Women
222794,Product 222794,C,Make up
219113,Product 219113,C,Make up
229947,Product 229947,D,Men
231528,Product 231528,G,Women
250023,Product 250023,V,Men
236304,Product 236304,D,Men
259830145,Product 259830145,C,Women
44399933,Product 44399933,M,Women
114150017,Product 114150017,F,Women
246352,Product 246352,C,Women
447738,Product 447738,D,Make up
368019514,Product 368019514,Z,Men
238709472,Product 238709472,H,Men
17446234,Product 17446234,U,Make up
245132,Product 245132,D,Women
403852,Product 403852,C,Women
30317244,Product 30317244,A,Women
244824259,Product 244824259,A,Accessoires
216412493,Product 216412493,L,Women
30317179,Product 30317179,C,Women
43113148,Product 43113148,B,Make up
260198,Product 260198,P,Women
105733156,Product 105733156,L,Women
267643,Product 267643,B,Women
223877008,Product 223877008,C,Make up
223877049,Product 223877049,H,Men
243496372,Product 243496372,K,Women
270046,Product 270046,G,Women
415938,Product 415938,E,Women
270146,Product 270146,A,Men
406752,Product 406752,P,Men
220482202,Product 220482202,K,Women
233238,Product 233238,Y,Make up
234327,Product 234327,D,Make up
291419,Product 291419,D,Women
275459,Product 275459,C,Make up
247314,Product 247314,D,Women
240044,Product 240044,C,Make up
255839,Product 255839,Y,Make up
286417,Product 286417,B,Men
256312,Product 256312,C,Make up
66966101,Product 66966101,D,Men
17446376,Product 17446376,U,Make up
215734508,Product 215734508,B,Women
408321,Product 408321,C,Women
238891,Product 238891,C,Women
416342,Product 416342,Y,Women
376841720,Product 376841720,G,Make up
138262079,Product 138262079,A,Women
279147,Product 279147,C,Make up
505758,Product 505758,C,Make up
244824324,Product 244824324,A,Accessoires
252281,Product 252281,M,Make up
505748,Product 505748,H,Men
223877021,Product 223877021,H,Men
108345075,Product 108345075,E,Make up
241424,Product 241424,S,Make up
474540,Product 474540,L,Make up
225235711,Product 225235711,A,Men
264398,Product 264398,G,Women
239819,Product 239819,C,Women
237132,Product 237132,D,Make up
188071673,Product 188071673,C,Make up
214768,Product 214768,M,Make up
232248,Product 232248,A,Accessoires
64473789,Product 64473789,D,Make up
268157,Product 268157,C,Women
238843,Product 238843,S,Make up
255357,Product 255357,C,Men
260921,Product 260921,L,Make up
389247,Product 389247,E,Women
122631894,Product 122631894,C,Women
270511,Product 270511,D,Men
253357,Product 253357,M,Make up
180413876,Product 180413876,A,Women
260317,Product 260317,Y,Make up
246501,Product 246501,B,Women
265581,Product 265581,C,Women
259142153,Product 259142153,D,Women
285085,Product 285085,B,Women
271588,Product 271588,D,Men
222031,Product 222031,C,Make up
235557,Product 235557,S,Make up
259503,Product 259503,S,Women
269009,Product 269009,H,Men
255771,Product 255771,S,Make up
265204,Product 265204,H,Men
254040,Product 254040,C,Make up
260673,Product 260673,Y,Women
43112909,Product 43112909,B,Make up
309181799,Product 309181799,M,Make up
153542569,Product 153542569,L,Make up
244824297,Product 244824297,A,Accessoires
253722,Product 253722,L,Women
215158,Product 215158,E,Women
233236,Product 233236,H,Men
250340,Product 250340,B,Sun
114150009,Product 114150009,F,Women
17446373,Product 17446373,U,Make up
249062,Product 249062,G,Women
211812,Product 211812,C,Make up
230928,Product 230928,L,Make up
221032,Product 221032,S,Women
224608,Product 224608,N,Women
250756,Product 250756,D,Women
446067,Product 446067,D,Make up
369286149,Product 369286149,A,Women
459184,Product 459184,C,Men
79129338,Product 79129338,M,Make up
295604,Product 295604,P,Men
221839866,Product 221839866,S,Make up
242654,Product 242654,D,Women
255757,Product 255757,S,Make up
424682,Product 424682,C,Women
449428,Product 449428,L,Women
413879,Product 413879,M,Make up
417815,Product 417815,D,Make up
55386267,Product 55386267,M,Women
251485,Product 251485,C,Women
262684,Product 262684,E,Women
44399919,Product 44399919,M,Women
20276573,Product 20276573,R,Men
108345071,Product 108345071,E,Make up
240760450,Product 240760450,G,Men
407820712,Product 407820712,A,Women
398113959,Product 398113959,Y,Make up
398113963,Product 398113963,Y,Make up
218119,Product 218119,C,Women
219732,Product 219732,C,Make up
44399921,Product 44399921,M,Women
128663324,Product 128663324,A,Make up
170091013,Product 170091013,U,Make up
262644,Product 262644,C,Women
254734,Product 254734,C,Make up
471609,Product 471609,C,Make up
476097,Product 476097,L,Make up
260751,Product 260751,D,Make up
237330,Product 237330,C,Men
244662,Product 244662,C,Make up
239000,Product 239000,L,Women
295762,Product 295762,M,Make up
373878,Product 373878,E,Men
255018397,Product 255018397,E,Women
255018409,Product 255018409,E,Women
252614988,Product 252614988,C,Make up
279725,Product 279725,L,Women
260428,Product 260428,C,Make up
226594812,Product 226594812,C,Women
512786,Product 512786,A,Women
266446,Product 266446,M,Make up
283701,Product 283701,M,Accessoires
230016,Product 230016,A,Men
242812090,Product 242812090,A,Women
231837,Product 231837,S,Women
504038,Product 504038,C,Accessoires
264612050,Product 264612050,A,Women
201362906,Product 201362906,B,Men
455171,Product 455171,L,Women
275415,Product 275415,C,Make up
502560,Product 502560,E,Women
474343,Product 474343,D,Women
265773,Product 265773,D,Women
4409117,Product 4409117,C,Women
17446198,Product 17446198,U,Make up
262011,Product 262011,M,Make up
266548,Product 266548,S,Women
82894991,Product 82894991,G,Make up
237370,Product 237370,C,Men
468477,Product 468477,B,Women
219125161,Product 219125161,C,Make up
376841688,Product 376841688,S,Sun
79129316,Product 79129316,C,Women
514680,Product 514680,S,Make up
221839869,Product 221839869,S,Make up
478742,Product 478742,S,Make up
471848,Product 471848,C,Women
269725,Product 269725,C,Women
244848,Product 244848,B,Men
263778,Product 263778,M,Women
514658,Product 514658,S,Make up
120232660,Product 120232660,M,Women
30317167,Product 30317167,E,Make up
235518,Product 235518,L,Women
232857,Product 232857,M,Women
273002,Product 273002,C,Make up
217066,Product 217066,J,Men
233688,Product 233688,D,Men
254839,Product 254839,Y,Make up
423063,Product 423063,K,Women
243278,Product 243278,G,Make up
112841747,Product 112841747,M,Make up
236135937,Product 236135937,C,Make up
243496373,Product 243496373,M,Make up
241954,Product 241954,B,Women
43113027,Product 43113027,B,Make up
242734,Product 242734,C,Men
255241,Product 255241,C,Women
452409,Product 452409,L,Women
378259341,Product 378259341,C,Women
266615243,Product 266615243,B,Accessoires
495675,Product 495675,G,Men
240760458,Product 240760458,G,Men
244824288,Product 244824288,A,Accessoires
224625,Product 224625,B,Women
231340,Product 231340,E,Make up
137603571,Product 137603571,D,Make up
219803616,Product 219803616,T,Women
235622,Product 235622,A,Men
148537790,Product 148537790,M,Make up
43112920,Product 43112920,B,Make up
114150030,Product 114150030,F,Women
114149989,Product 114149989,F,Women
318123569,Product 318123569,G,Men
420055,Product 420055,K,Women
262615,Product 262615,L,Women
412805,Product 412805,C,Women
255018458,Product 255018458,E,Women
226998,Product 226998,A,Women
233762,Product 233762,A,Women
291087,Product 291087,D,Make up
368019452,Product 368019452,L,Women
236135933,Product 236135933,C,Make up
289394,Product 289394,C,Women
82895018,Product 82895018,G,Make up
236727,Product 236727,H,Women
318123563,Product 318123563,K,Women
246506,Product 246506,B,Women
251428,Product 251428,Y,Make up
450601,Product 450601,L,Sun
517500,Product 517500,I,Men
229313682,Product 229313682,I,Men
376841706,Product 376841706,G,Make up
240055,Product 240055,C,Make up
120888472,Product 120888472,D,Women
228877,Product 228877,C,Men
21590954,Product 21590954,F,Accessoires
340419791,Product 340419791,C,Women
228298,Product 228298,L,Women
261754,Product 261754,M,Make up
6066031,Product 6066031,C,Accessoires
285516,Product 285516,G,Make up
258863,Product 258863,B,Men
96838915,Product 96838915,C,Make up
21590941,Product 21590941,B,Women
240816,Product 240816,D,Women
243829,Product 243829,G,Make up
233841,Product 233841,B,Women
223877032,Product 223877032,C,Make up
513007,Product 513007,E,Make up
252614990,Product 252614990,C,Make up
364165841,Product 364165841,C,Make up
496389,Product 496389,M,Women
273795,Product 273795,C,Make up
512211,Product 512211,D,Make up
506766,Product 506766,E,Make up
254666,Product 254666,S,Make up
257895,Product 257895,B,Women
450659,Product 450659,J,Women
221342,Product 221342,P,Women
227570,Product 227570,L,Make up
450795,Product 450795,G,Men
517502,Product 517502,N,Women
255963,Product 255963,S,Women
370935,Product 370935,M,Make up
246986,Product 246986,B,Women
412610,Product 412610,C,Women
317424700,Product 317424700,C,Women
216412451,Product 216412451,C,Accessoires
56679939,Product 56679939,M,Women
223286,Product 223286,D,Make up
254248,Product 254248,H,Women
241964,Product 241964,C,Women
166838313,Product 166838313,M,Make up
275643,Product 275643,B,Men
114150002,Product 114150002,U,Make up
121544512,Product 121544512,S,Women
511851,Product 511851,M,Women
512793,Product 512793,E,Make up
364872355,Product 364872355,C,Women
249024,Product 249024,R,Men
279366,Product 279366,T,Women
43113028,Product 43113028,B,Make up
249650,Product 249650,A,Make up
254601,Product 254601,S,Make up
114150052,Product 114150052,F,Women
442295,Product 442295,E,Accessoires
214422,Product 214422,C,Women
224002,Product 224002,C,Women
114150033,Product 114150033,B,Make up
262439,Product 262439,C,Women
427338,Product 427338,C,Make up
238185935,Product 238185935,E,Women
241452,Product 241452,J,Women
393675,Product 393675,A,Women
244943,Product 244943,P,Men
241825,Product 241825,C,Women
262758,Product 262758,C,Make up
225168,Product 225168,C,Women
226808,Product 226808,D,Women
262845,Product 262845,D,Make up
313298630,Product 313298630,C,Accessoires
384180,Product 384180,S,Make up
295669,Product 295669,S,Make up
238519,Product 238519,M,Make up
156497091,Product 156497091,A,Men
225915210,Product 225915210,S,Make up
262095,Product 262095,T,Accessoires
79129305,Product 79129305,E,Make up
270042,Product 270042,G,Women
309181803,Product 309181803,M,Make up
282650,Product 282650,M,Accessoires
259163,Product 259163,D,Women
286685,Product 286685,G,Make up
231535,Product 231535,M,Make up
228139,Product 228139,C,Women
384075,Product 384075,M,Make up
113495840,Product 113495840,C,Accessoires
253558,Product 253558,G,Make up
221160987,Product 221160987,Y,Women
235452692,Product 235452692,D,Men
287274,Product 287274,C,Women
120232658,Product 120232658,J,Women
14388014,Product 14388014,U,Make up
242358,Product 242358,C,Men
258547,Product 258547,A,Women
262091,Product 262091,T,Women
273022,Product 273022,Y,Women
288120,Product 288120,D,Women
109651663,Product 109651663,M,Women
511601,Product 511601,E,Women
259814,Product 259814,S,Women
366729,Product 366729,M,Make up
265868,Product 265868,G,Men
268780,Product 268780,T,Women
502545,Product 502545,E,Women
514296,Product 514296,D,Women
166838310,Product 166838310,M,Make up
242983,Product 242983,C,Women
